INSERT INTO place (placa_id, iznos) VALUES ("1", "100");
INSERT INTO place (placa_id, iznos) VALUES ("2", "200");
INSERT INTO place (placa_id, iznos) VALUES ("3", "300");
INSERT INTO place (placa_id, iznos) VALUES ("4", "400");
INSERT INTO place (placa_id, iznos) VALUES ("5", "500");
INSERT INTO place (placa_id, iznos) VALUES ("6", "600");
INSERT INTO place (placa_id, iznos) VALUES ("7", "700");
INSERT INTO place (placa_id, iznos) VALUES ("8", "800");


INSERT INTO odjeli (odjel_id, naziv_odjela) VALUES ("1", "Marketing");
INSERT INTO odjeli (odjel_id, naziv_odjela) VALUES ("2", "Prodaja");
INSERT INTO odjeli (odjel_id, naziv_odjela) VALUES ("3", "Tehnika");



INSERT INTO zaposlenici (zaposlenik_id, ime, prezime, radi_od, aktivan_zaposlenik, odjel_id, voditelj_odjela, placa_id ) 
VALUES ("1", "Ime1", "Prezime1", "2024-04-01", "1", "1", "1", "8");

INSERT INTO zaposlenici (zaposlenik_id, ime, prezime, radi_od, aktivan_zaposlenik, odjel_id, voditelj_odjela, placa_id ) 
VALUES ("2", "Ime2", "Prezime2", "2024-04-02", "0", "3", "1", "7");

INSERT INTO zaposlenici (zaposlenik_id, ime, prezime, radi_od, aktivan_zaposlenik, odjel_id, voditelj_odjela, placa_id ) 
VALUES ("3", "Ime3", "Prezime3", "2024-04-03", "1", "2", "1", "6");

INSERT INTO zaposlenici (zaposlenik_id, ime, prezime, radi_od, aktivan_zaposlenik, odjel_id, voditelj_odjela, placa_id ) 
VALUES ("4", "Ime4", "Prezime4", "2024-04-04", "1", "1", "0", "5");

INSERT INTO zaposlenici (zaposlenik_id, ime, prezime, radi_od, aktivan_zaposlenik, odjel_id, voditelj_odjela, placa_id ) 
VALUES ("5", "Ime5", "Prezime5", "2024-04-05", "0", "2", "0", "4");

INSERT INTO zaposlenici (zaposlenik_id, ime, prezime, radi_od, aktivan_zaposlenik, odjel_id, voditelj_odjela, placa_id ) 
VALUES ("6", "Ime6", "Prezime6", "2024-04-06", "1", "3", "0", "3");

INSERT INTO zaposlenici (zaposlenik_id, ime, prezime, radi_od, aktivan_zaposlenik, odjel_id, voditelj_odjela, placa_id ) 
VALUES ("7", "Ime7", "Prezime7", "2024-04-07", "1", "1", "0", "2");
